-- MySQL dump 10.13  Distrib 5.6.14, for osx10.9 (x86_64)
--
-- Host: 127.0.0.1    Database: rongzheng_old
-- ------------------------------------------------------
-- Server version	5.6.14

/*!40101 SET @OLD_CHARACTER_SET_CLIENT=@@CHARACTER_SET_CLIENT */;
/*!40101 SET @OLD_CHARACTER_SET_RESULTS=@@CHARACTER_SET_RESULTS */;
/*!40101 SET @OLD_COLLATION_CONNECTION=@@COLLATION_CONNECTION */;
/*!40101 SET NAMES utf8 */;
/*!40103 SET @OLD_TIME_ZONE=@@TIME_ZONE */;
/*!40103 SET TIME_ZONE='+00:00' */;
/*!40014 SET @OLD_UNIQUE_CHECKS=@@UNIQUE_CHECKS, UNIQUE_CHECKS=0 */;
/*!40014 SET @OLD_FOREIGN_KEY_CHECKS=@@FOREIGN_KEY_CHECKS, FOREIGN_KEY_CHECKS=0 */;
/*!40101 SET @OLD_SQL_MODE=@@SQL_MODE, SQL_MODE='NO_AUTO_VALUE_ON_ZERO' */;
/*!40111 SET @OLD_SQL_NOTES=@@SQL_NOTES, SQL_NOTES=0 */;

--
-- Table structure for table `RZ_Job`
--

DROP TABLE IF EXISTS `RZ_Job`;
/*!40101 SET @saved_cs_client     = @@character_set_client */;
/*!40101 SET character_set_client = utf8 */;
CREATE TABLE `RZ_Job` (
  `职位内容` enum('董事长','总经理','副总经理','董秘','财务总监','独立董事','董事','监事','暂不考虑') DEFAULT NULL,
  `职位秩序` int(11) NOT NULL DEFAULT '0',
  `年薪_2011` int(11) DEFAULT NULL,
  `年薪_2012` int(11) DEFAULT NULL,
  `持股_2011` int(11) DEFAULT NULL,
  `持股_2012` int(11) DEFAULT NULL,
  PRIMARY KEY (`职位秩序`)
) ENGINE=MyISAM DEFAULT CHARSET=utf8;
/*!40101 SET character_set_client = @saved_cs_client */;

--
-- Dumping data for table `RZ_Job`
--

LOCK TABLES `RZ_Job` WRITE;
/*!40000 ALTER TABLE `RZ_Job` DISABLE KEYS */;
INSERT INTO `RZ_Job` VALUES ('董事长',1,NULL,2457,962,1089),('总经理',2,1685,1808,545,631),('副总经理',4,8870,9688,2678,3130),('董秘',8,1295,1265,311,304),('财务总监',16,1157,1192,267,282),('独立董事',32,7806,8119,NULL,55),('董事',64,NULL,NULL,NULL,NULL),('监事',128,NULL,NULL,NULL,NULL),('暂不考虑',1000,NULL,NULL,NULL,NULL);
/*!40000 ALTER TABLE `RZ_Job` ENABLE KEYS */;
UNLOCK TABLES;

--
-- Table structure for table `RZ_Area`
--

DROP TABLE IF EXISTS `RZ_Area`;
/*!40101 SET @saved_cs_client     = @@character_set_client */;
/*!40101 SET character_set_client = utf8 */;
CREATE TABLE `RZ_Area` (
  `地域全称` varchar(16) NOT NULL,
  `地域` varchar(4) NOT NULL,
  PRIMARY KEY (`地域全称`)
) ENGINE=MyISAM DEFAULT CHARSET=utf8;
/*!40101 SET character_set_client = @saved_cs_client */;

--
-- Dumping data for table `RZ_Area`
--

LOCK TABLES `RZ_Area` WRITE;
/*!40000 ALTER TABLE `RZ_Area` DISABLE KEYS */;
INSERT INTO `RZ_Area` VALUES ('上海','上海'),('云南省','云南'),('内蒙古自治区','内蒙古'),('北京','北京'),('吉林省','吉林'),('四川省','四川'),('天津','天津'),('宁夏回族自治区','宁夏'),('安徽省','安徽'),('山东省','山东'),('山西省','山西'),('广东省','广东'),('广西壮族自治区','广西'),('新疆维吾尔自治区','新疆'),('江苏省','江苏'),('江西省','江西'),('河北省','河北'),('河南省','河南'),('浙江省','浙江'),('海南省','海南'),('湖北省','湖北'),('湖南省','湖南'),('甘肃省','甘肃'),('福建省','福建'),('西藏自治区','西藏'),('贵州省','贵州'),('辽宁省','辽宁'),('重庆','重庆'),('陕西省','陕西'),('青海省','青海'),('黑龙江省','黑龙江');
/*!40000 ALTER TABLE `RZ_Area` ENABLE KEYS */;
UNLOCK TABLES;

--
-- Table structure for table `RZ_HangYe`
--

DROP TABLE IF EXISTS `RZ_HangYe`;
/*!40101 SET @saved_cs_client     = @@character_set_client */;
/*!40101 SET character_set_client = utf8 */;
CREATE TABLE `RZ_HangYe` (
  `行业名称` varchar(16) DEFAULT NULL,
  `行业编码` varchar(2) NOT NULL DEFAULT '',
  PRIMARY KEY (`行业编码`)
) ENGINE=MyISAM DEFAULT CHARSET=utf8;
/*!40101 SET character_set_client = @saved_cs_client */;

--
-- Dumping data for table `RZ_HangYe`
--

LOCK TABLES `RZ_HangYe` WRITE;
/*!40000 ALTER TABLE `RZ_HangYe` DISABLE KEYS */;
INSERT INTO `RZ_HangYe` VALUES ('农、林、牧、渔业','A'),('采掘业','B'),('制造业','C'),('电力、煤气及水的生产和供应业','D'),('建筑业','E'),('交通运输、仓储业','F'),('信息技术业','G'),('批发和零售贸易','H'),('金融、保险业','I'),('房地产业','J'),('社会服务业','K'),('传播与文化产业','L'),('综合类','M');
/*!40000 ALTER TABLE `RZ_HangYe` ENABLE KEYS */;
UNLOCK TABLES;

--
-- Table structure for table `RZ_Job_All`
--

DROP TABLE IF EXISTS `RZ_Job_All`;
/*!40101 SET @saved_cs_client     = @@character_set_client */;
/*!40101 SET character_set_client = utf8 */;
CREATE TABLE `RZ_Job_All` (
  `职位` varchar(64) NOT NULL DEFAULT '',
  `出现次数` bigint(21) NOT NULL DEFAULT '0',
  `职位秩序` int(4) NOT NULL DEFAULT '0',
  `职位内容` varchar(4) NOT NULL DEFAULT '',
  PRIMARY KEY (`职位`)
) ENGINE=MyISAM DEFAULT CHARSET=utf8;
/*!40101 SET character_set_client = @saved_cs_client */;

--
-- Dumping data for table `RZ_Job_All`
--

LOCK TABLES `RZ_Job_All` WRITE;
/*!40000 ALTER TABLE `RZ_Job_All` DISABLE KEYS */;
INSERT INTO `RZ_Job_All` VALUES ('副总经理',18372,4,'副总经理'),('独立董事',15625,32,'独立董事'),('监事',14214,128,'监事'),('董事',10557,64,'董事'),('董事长',6784,1,'董事长'),('董事会秘书',5726,8,'董秘'),('总经理',5163,2,'总经理'),('财务总监',4140,16,'财务总监'),('副总裁',3984,4,'副总经理'),('监事会主席',3884,128,'监事'),('副董事长',3318,64,'董事'),('职工监事',1675,128,'监事'),('总裁',1069,2,'总经理'),('常务副总经理',563,4,'副总经理'),('职工代表监事',453,128,'监事'),('独立非执行董事',417,32,'独立董事'),('财务负责人',390,16,'财务总监'),('非执行董事',373,64,'董事'),('监事长',368,128,'监事'),('执行董事',341,64,'董事'),('高级副总裁',284,4,'副总经理'),('党委书记',281,4,'副总经理'),('总工程师',227,2,'总经理'),('董秘',209,8,'董秘'),('副行长',195,4,'副总经理'),('监事会召集人',189,128,'监事'),('总会计师',183,16,'财务总监'),('常务副总裁',160,4,'副总经理'),('党委副书记',159,4,'副总经理'),('工会主席',155,4,'副总经理'),('执行副总裁',153,4,'副总经理'),('原董事',131,64,'董事'),('纪委书记',114,4,'副总经理'),('监事会副主席',101,128,'监事'),('外部监事',82,128,'监事'),('执行总裁',79,2,'总经理'),('股东代表监事',62,128,'监事'),('独立监事',56,128,'监事'),('原副总经理',56,4,'副总经理'),('职工董事',54,64,'董事'),('首席执行官',53,2,'总经理'),('总经济师',53,16,'财务总监'),('副经理',48,1000,'暂不考虑'),('原监事',48,128,'监事'),('总经理助理',44,4,'副总经理'),('原总经理',43,2,'总经理'),('高级副总经理',40,4,'副总经理'),('行长',38,2,'总经理'),('离任监事',36,128,'监事'),('原董事会秘书',35,8,'董秘'),('外部董事',35,64,'董事'),('首席财务官',34,16,'财务总监'),('高级总裁',29,2,'总经理'),('党委委员',29,4,'副总经理'),('执行副总经理',27,4,'副总经理'),('代董事会秘书',26,8,'董秘'),('技术总监',25,4,'副总经理'),('股东监事',25,128,'监事'),('董事局主席',24,1,'董事长'),('副总',23,4,'副总经理'),('常务副总',23,4,'副总经理'),('总法律顾问',23,4,'副总经理'),('CEO',22,2,'总经理'),('职工代表董事',21,64,'董事'),('副监事长',21,128,'监事'),('董事局副主席',20,64,'董事'),('原监事会主席',20,128,'监事'),('原财务总监',20,16,'财务总监'),('董事局秘书',20,8,'董秘'),('原副董事长',18,64,'董事'),('首席运营官',17,2,'总经理'),('原董事长',14,1,'董事长'),('员工监事',13,128,'监事'),('原执行董事',12,64,'董事'),('历任监事',12,128,'监事'),('前任监事',12,128,'监事'),('执行总经理',11,2,'总经理'),('证券事务代表',11,1000,'暂不考虑'),('离任监事会主席',10,128,'监事'),('董事会副主席',10,64,'董事'),('公司秘书',10,1000,'暂不考虑'),('行政总监',10,4,'副总经理'),('原独立董事',10,32,'独立董事'),('行政副总裁',10,4,'副总经理'),('专务副总裁',10,4,'副总经理'),('监事主席',10,128,'监事'),('执行委员会委员',9,1000,'暂不考虑'),('原常务副总经理',9,4,'副总经理'),('营销总监',9,4,'副总经理'),('股权监事',8,128,'监事'),('党总支书记',8,1000,'暂不考虑'),('公司副总经理',8,4,'副总经理'),('首席技术官',8,2,'总经理'),('董事会主席',8,64,'董事'),('总裁助理',8,4,'副总经理'),('代总经理',8,2,'总经理'),('原职工监事',7,128,'监事'),('行政总裁',7,2,'总经理'),('核心技术人员',7,1000,'暂不考虑'),('市场营销部部长',7,1000,'暂不考虑'),('合规总监',7,4,'副总经理'),('原副总裁',7,4,'副总经理'),('纪检书记',6,1000,'暂不考虑'),('董事会办公室主任',6,1000,'暂不考虑'),('审计部经理',6,1000,'暂不考虑'),('总畜牧师',6,1000,'暂不考虑'),('审计监察部部长',6,1000,'暂不考虑'),('副总工程师',6,4,'副总经理'),('联席公司秘书',6,1000,'暂不考虑'),('原职工代表监事',5,128,'监事'),('原非执行董事',5,64,'董事'),('总工艺师',5,2,'总经理'),('党组书记',5,1000,'暂不考虑'),('销售总监',5,4,'副总经理'),('纪检组长',5,1000,'暂不考虑'),('离任董事',5,1000,'暂不考虑'),('代理董事会秘书',5,8,'董秘'),('内部审计机构负责人',4,1000,'暂不考虑'),('首席知识官',4,1000,'暂不考虑'),('市场负责人',4,1000,'暂不考虑'),('制造总裁',4,2,'总经理'),('董事长助理',4,4,'副总经理'),('沙鲅铁路公司总经理',4,1000,'暂不考虑'),('常务副董事长',4,64,'董事'),('经纪业务发展与管理委员会董事',4,64,'董事'),('行长助理',4,4,'副总经理'),('执委会主任',4,1000,'暂不考虑'),('首席执行官(CEO)',4,2,'总经理'),('车间主任',4,1000,'暂不考虑'),('人事总监',4,1000,'暂不考虑'),('特箱开发中心常务副主任',4,1000,'暂不考虑'),('总裁办主任',4,1000,'暂不考虑'),('首席营销官',4,1000,'暂不考虑'),('人事行政部部长',4,1000,'暂不考虑'),('CFO',4,16,'财务总监'),('国家级企业技术中心主任',4,1000,'暂不考虑'),('监事召集人',4,128,'监事'),('金融市场总监',4,1000,'暂不考虑'),('质量总监',4,4,'副总经理'),('审计总监',4,1000,'暂不考虑'),('质量保证部部长',4,1000,'暂不考虑'),('公司业务总监',4,1000,'暂不考虑'),('财务部经理',4,1000,'暂不考虑'),('研发部经理',4,1000,'暂不考虑'),('副总质量师',4,1000,'暂不考虑'),('销售负责人',4,1000,'暂不考虑'),('内部监事',4,128,'监事'),('监事(职工代表)',4,128,'监事'),('生产经营总监',4,1000,'暂不考虑'),('综合管理部行政负责人',4,1000,'暂不考虑'),('运营总监',4,1000,'暂不考虑'),('投资副总',4,4,'副总经理'),('原党委书记',3,1000,'暂不考虑'),('副书记',3,1000,'暂不考虑'),('前任董事',3,1000,'暂不考虑'),('非职工代表监事',3,1000,'暂不考虑'),('办公室主任',3,1000,'暂不考虑'),('书记',3,1000,'暂不考虑'),('历任董事',3,64,'董事'),('CEO(首席执行官)',3,2,'总经理'),('设计副总工程师',3,1000,'暂不考虑'),('离任副总经理',3,1000,'暂不考虑'),('首席合规官',3,2,'总经理'),('独董',3,32,'独立董事'),('工会副主席',3,1000,'暂不考虑'),('公司员工',3,1000,'暂不考虑'),('证券部部长',3,1000,'暂不考虑'),('薪酬委员会委员',3,1000,'暂不考虑'),('营运总裁',3,1000,'暂不考虑'),('研发总监',3,4,'副总经理'),('人力资源部经理',3,1000,'暂不考虑'),('总经理办公室主任',3,1000,'暂不考虑'),('联合首席运营官',2,2,'总经理'),('嵌入式部经理',2,1000,'暂不考虑'),('行业销售总监',2,1000,'暂不考虑'),('前任监事会召集人',2,1000,'暂不考虑'),('财务负责任人',2,1000,'暂不考虑'),('原行长',2,2,'总经理'),('厦门康城副总经理',2,1000,'暂不考虑'),('设计院院长',2,1000,'暂不考虑'),('监事会',2,128,'监事'),('原总工程师',2,2,'总经理'),('投资总监',2,4,'副总经理'),('账务总监',2,1000,'暂不考虑'),('市场部经理',2,1000,'暂不考虑'),('项目总监',2,1000,'暂不考虑'),('经纪业务总部总经理',2,1000,'暂不考虑'),('第二焦化厂工会主席',2,1000,'暂不考虑'),('监事会监事长',2,1000,'暂不考虑'),('财负责人',2,1000,'暂不考虑'),('财务务负责人',2,16,'财务总监'),('党委办公室主任',2,1000,'暂不考虑'),('产品销售总监',2,1000,'暂不考虑'),('厂务部经理',2,1000,'暂不考虑'),('亚欧商厦副总经理',2,1000,'暂不考虑'),('原高级副总裁',2,4,'副总经理'),('江西赣能丰城二期发电厂总经理',2,1000,'暂不考虑'),('总精算师',2,2,'总经理'),('采购总监',2,1000,'暂不考虑'),('首席投资官',2,1000,'暂不考虑'),('董事候选人',2,1000,'暂不考虑'),('海外市场部副总经理',2,1000,'暂不考虑'),('内审负责人',2,1000,'暂不考虑'),('物流部长',2,1000,'暂不考虑'),('运销分公司经理',2,1000,'暂不考虑'),('内审部部长',2,1000,'暂不考虑'),('质量保证部副经理',2,1000,'暂不考虑'),('原营销总监',2,1000,'暂不考虑'),('事会秘书',2,1000,'暂不考虑'),('前董事',2,1000,'暂不考虑'),('总船长',2,2,'总经理'),('原总裁',2,2,'总经理'),('离任董事长',2,1000,'暂不考虑'),('法定代表人',2,1000,'暂不考虑'),('原副行长',2,4,'副总经理'),('人力行政总监',2,1000,'暂不考虑'),('首席设计师',2,1000,'暂不考虑'),('总工',2,4,'副总经理'),('离任董秘',2,1000,'暂不考虑'),('风帆有色金属分公司总经理',2,1000,'暂不考虑'),('原财务部经理',2,1000,'暂不考虑'),('供应链总监',2,1000,'暂不考虑'),('供应部部长',2,1000,'暂不考虑'),('党工委书记',2,1000,'暂不考虑'),('油缸厂厂长',2,1000,'暂不考虑'),('嘉乐泉煤矿工会主席',2,1000,'暂不考虑'),('铁龙房地产公司总经理',2,1000,'暂不考虑'),('合规负责人',2,1000,'暂不考虑'),('技术中心主任',2,1000,'暂不考虑'),('发展管理部经理',2,1000,'暂不考虑'),('原副总会计师',2,1000,'暂不考虑'),('科技与质量管理中心总监',2,1000,'暂不考虑'),('董事局常务副主席',2,1000,'暂不考虑'),('审计长',2,1000,'暂不考虑'),('质量控制部主管',2,1000,'暂不考虑'),('第一副董事长',2,1000,'暂不考虑'),('首席律师',2,1000,'暂不考虑'),('首席营运官',2,4,'副总经理'),('代财务总监',2,16,'财务总监'),('原总经',2,1000,'暂不考虑'),('监事临时召集人',2,1000,'暂不考虑'),('技术研发部部长',2,1000,'暂不考虑'),('前任监事会主席',2,1000,'暂不考虑'),('党委副主机',2,1000,'暂不考虑'),('代总裁',2,1000,'暂不考虑'),('营销副总监',2,1000,'暂不考虑'),('信息总监',2,1000,'暂不考虑'),('国际营销部副部长',2,1000,'暂不考虑'),('代财务负责人',2,1000,'暂不考虑'),('副总裁暨董秘',2,1000,'暂不考虑'),('离任总经理',2,1000,'暂不考虑'),('原首席运营官',2,2,'总经理'),('华垦公司总经理',2,1000,'暂不考虑'),('预配中心总经理',2,1000,'暂不考虑'),('技术部经理',2,1000,'暂不考虑'),('总裁(COO)',2,2,'总经理'),('组织部长',2,1000,'暂不考虑'),('总会计师(财务总监)',2,1000,'暂不考虑'),('人力资源总监',2,4,'副总经理'),('首席信息官',2,2,'总经理'),('福建营运中心总经理',2,1000,'暂不考虑'),('行政副总经理',2,1000,'暂不考虑'),('首席风险控制官',2,1000,'暂不考虑'),('大区经理',2,1000,'暂不考虑'),('原总会计师',2,16,'财务总监'),('税务经理',2,1000,'暂不考虑'),('人力',2,1000,'暂不考虑'),('财务运行官',2,1000,'暂不考虑'),('副总会计师',2,16,'财务总监'),('监事局主席',2,128,'监事'),('营销总裁',2,1000,'暂不考虑'),('董事党委书记',2,1000,'暂不考虑'),('新品开发科长',2,1000,'暂不考虑'),('常务副行长',2,1000,'暂不考虑'),('制造部经理',2,1000,'暂不考虑'),('总监',2,4,'副总经理'),('公司办公室主任',2,1000,'暂不考虑'),('特箱分公司总经理',2,1000,'暂不考虑'),('综合运营总监',2,1000,'暂不考虑'),('党组成员',2,1000,'暂不考虑'),('销售公司总经理',2,1000,'暂不考虑'),('历任监事会主席',2,1000,'暂不考虑'),('IT总监',2,1000,'暂不考虑'),('离任职工代表监事',2,1000,'暂不考虑'),('副总裁(财务)',1,1000,'暂不考虑'),('内审部经理',1,1000,'暂不考虑'),('原任董事',1,1000,'暂不考虑'),('财务副总监',1,16,'财务总监'),('制造中心总监',1,1000,'暂不考虑'),('人力资源部部长',1,1000,'暂不考虑'),('财务总监',1,16,'财务总监'),('首席风险官',1,2,'总经理'),('投资者关系总监',1,1000,'暂不考虑'),('代证券事务代表',1,1000,'暂不考虑'),('党办主任',1,1000,'暂不考虑'),('监事(监事会召集人',1,1000,'暂不考虑'),('IE工程部部长',1,1000,'暂不考虑'),('代表监事',1,1000,'暂不考虑'),('监事会主席(股东代表监事)',1,1000,'暂不考虑'),('审计负责人',1,1000,'暂不考虑'),('监事(职工监事)',1,1000,'暂不考虑'),('首席审计官',1,1000,'暂不考虑'),('管理总监',1,1000,'暂不考虑'),('财务经理',1,1000,'暂不考虑'),('离任独立董事',1,1000,'暂不考虑'),('监事会主席﹑股东代表监事',1,1000,'暂不考虑'),('惠州雷曼人力行政高级经理',1,1000,'暂不考虑'),('安健环总监',1,1000,'暂不考虑'),('工程管理部部长',1,1000,'暂不考虑'),('人事经理',1,1000,'暂不考虑'),('分销部经理',1,1000,'暂不考虑'),('原财务负责人',1,16,'财务总监'),('代行合规总监',1,1000,'暂不考虑'),('人力资源主管',1,1000,'暂不考虑'),('工程车事业部总经理',1,1000,'暂不考虑'),('商务部经理',1,1000,'暂不考虑'),('国内销售总监',1,1000,'暂不考虑'),('原监事长',1,128,'监事'),('副董事长(执行董事)',1,1000,'暂不考虑'),('科陆能源服务董事',1,1000,'暂不考虑'),('会主席监事',1,1000,'暂不考虑'),('原经营总监',1,1000,'暂不考虑'),('监事监事长',1,1000,'暂不考虑'),('执行董事长',1,1,'董事长'),('分党委书记',1,1000,'暂不考虑'),('财务总监暨合资格会计师',1,1000,'暂不考虑'),('人事行政总监',1,1000,'暂不考虑'),('能源事业部总经理',1,1000,'暂不考虑'),('原监事会召集人',1,128,'监事'),('工程部经理',1,1000,'暂不考虑'),('监事(职工)',1,1000,'暂不考虑'),('物流部经理',1,1000,'暂不考虑'),('供应链管理部高级经理',1,1000,'暂不考虑'),('装备厂副厂长',1,1000,'暂不考虑'),('离任监事长',1,1000,'暂不考虑'),('团购部副经理',1,1000,'暂不考虑'),('原总飞行师',1,1000,'暂不考虑'),('IE工程部长',1,1000,'暂不考虑'),('商品研发院院长',1,1000,'暂不考虑'),('财务部负责人',1,16,'财务总监'),('总经办主任',1,1000,'暂不考虑'),('亚欧商厦总经理',1,1000,'暂不考虑'),('代合规总监',1,1000,'暂不考虑'),('前任董事会秘书',1,1000,'暂不考虑'),('原董秘',1,1000,'暂不考虑'),('董事会秘书(代)',1,1000,'暂不考虑'),('市政投资党总支副书记',1,1000,'暂不考虑'),('董事会',1,1000,'暂不考虑'),('首席人力资源官',1,1000,'暂不考虑'),('商务部副部长',1,1000,'暂不考虑'),('代理财务总监',1,1000,'暂不考虑'),('总飞行师',1,2,'总经理'),('财务总监(CFO)',1,1000,'暂不考虑'),('新昌制药厂厂长',1,1000,'暂不考虑'),('行政人事部经理',1,1000,'暂不考虑'),('行政部副经理',1,1000,'暂不考虑'),('财务部副部长',1,1000,'暂不考虑'),('总经理特别助理',1,1000,'暂不考虑'),('法人代表',1,1000,'暂不考虑'),('历任职工代表监事',1,1000,'暂不考虑'),('成品物流部经理',1,1000,'暂不考虑'),('郑民分公司总经理',1,1000,'暂不考虑'),('城投集团审计部副部长',1,1000,'暂不考虑'),('科陆能源子公司董事',1,1000,'暂不考虑'),('人力资源部副经理',1,1000,'暂不考虑'),('人力行政中心总监',1,1000,'暂不考虑'),('应用事业处高级经理',1,1000,'暂不考虑'),('职工监事工会副主席',1,1000,'暂不考虑'),('原代董事会秘书',1,8,'董秘'),('农资公司总经理',1,1000,'暂不考虑'),('首席法律事务执行官',1,1000,'暂不考虑'),('财务资产部主任',1,1000,'暂不考虑'),('原独立监事',1,128,'监事'),('离职监事',1,1000,'暂不考虑'),('工会负责人',1,1000,'暂不考虑'),('纪检组组长',1,1000,'暂不考虑'),('原总经理助理',1,4,'副总经理'),('维生素厂厂长',1,1000,'暂不考虑'),('研发二部经理',1,1000,'暂不考虑'),('董事副总裁',1,1000,'暂不考虑'),('总农艺师',1,2,'总经理'),('行政助理',1,1000,'暂不考虑'),('财务总监总裁',1,1000,'暂不考虑'),('综合部部长',1,1000,'暂不考虑'),('执行副总裁(常务)',1,1000,'暂不考虑'),('会计主管',1,1000,'暂不考虑'),('国内营销中心总经理',1,1000,'暂不考虑'),('代行财务总监',1,1000,'暂不考虑'),('基建办经理',1,1000,'暂不考虑'),('总编辑',1,2,'总经理'),('前监事',1,1000,'暂不考虑'),('原首席合规官',1,1000,'暂不考虑'),('首席监事',1,1000,'暂不考虑'),('监事会副会主席',1,1000,'暂不考虑'),('海外市场部业务经理',1,1000,'暂不考虑'),('代监事长',1,1000,'暂不考虑'),('监事会席',1,1000,'暂不考虑'),('代董事长',1,1000,'暂不考虑'),('加工事业一部总经理',1,1000,'暂不考虑'),('副主席监事',1,1000,'暂不考虑'),('原职工董事',1,64,'董事'),('制造管理中心总监',1,1000,'暂不考虑'),('财务副总裁',1,4,'副总经理'),('北京对外合作部经理',1,1000,'暂不考虑'),('封装事业部销售总监',1,1000,'暂不考虑'),('人力资源监',1,1000,'暂不考虑'),('合规总监(代)',1,1000,'暂不考虑'),('证券与法务部部长',1,1000,'暂不考虑');
/*!40000 ALTER TABLE `RZ_Job_All` ENABLE KEYS */;
UNLOCK TABLES;
/*!40103 SET TIME_ZONE=@OLD_TIME_ZONE */;

/*!40101 SET SQL_MODE=@OLD_SQL_MODE */;
/*!40014 SET FOREIGN_KEY_CHECKS=@OLD_FOREIGN_KEY_CHECKS */;
/*!40014 SET UNIQUE_CHECKS=@OLD_UNIQUE_CHECKS */;
/*!40101 SET CHARACTER_SET_CLIENT=@OLD_CHARACTER_SET_CLIENT */;
/*!40101 SET CHARACTER_SET_RESULTS=@OLD_CHARACTER_SET_RESULTS */;
/*!40101 SET COLLATION_CONNECTION=@OLD_COLLATION_CONNECTION */;
/*!40111 SET SQL_NOTES=@OLD_SQL_NOTES */;

-- Dump completed on 2014-04-14 15:27:52
